10000000,12800000,12801000,ADAMS
10000000,12800000,12802000,BACARRA
10000000,12800000,12803000,BADOC
10000000,12800000,12804000,BANGUI
10000000,12800000,12805000,CITY OF BATAC
10000000,12800000,12806000,BURGOS
10000000,12800000,12807000,CARASI
10000000,12800000,12808000,CURRIMAO
10000000,12800000,12809000,DINGRAS
10000000,12800000,12810000,DUMALNEG
10000000,12800000,12811000,BANNA (ESPIRITU)
10000000,12800000,12812000,LAOAG CITY (Capital)
10000000,12800000,12813000,MARCOS
10000000,12800000,12814000,NUEVA ERA
10000000,12800000,12815000,PAGUDPUD
10000000,12800000,12816000,PAOAY
10000000,12800000,12817000,PASUQUIN
10000000,12800000,12818000,PIDDIG
10000000,12800000,12819000,PINILI
10000000,12800000,12820000,SAN NICOLAS
10000000,12800000,12821000,SARRAT
10000000,12800000,12822000,SOLSONA
10000000,12800000,12823000,VINTAR
10000000,12900000,12901000,ALILEM
10000000,12900000,12902000,BANAYOYO
10000000,12900000,12903000,BANTAY
10000000,12900000,12904000,BURGOS
10000000,12900000,12905000,CABUGAO
10000000,12900000,12906000,CITY OF CANDON
10000000,12900000,12907000,CAOAYAN
10000000,12900000,12908000,CERVANTES
10000000,12900000,12909000,GALIMUYOD
10000000,12900000,12910000,GREGORIO DEL PILAR (CONCEPCION)
10000000,12900000,12911000,LIDLIDDA
10000000,12900000,12912000,MAGSINGAL
10000000,12900000,12913000,NAGBUKEL
10000000,12900000,12914000,NARVACAN
10000000,12900000,12915000,QUIRINO (ANGKAKI)
10000000,12900000,12916000,SALCEDO (BAUGEN)
10000000,12900000,12917000,SAN EMILIO
10000000,12900000,12918000,SAN ESTEBAN
10000000,12900000,12919000,SAN ILDEFONSO
10000000,12900000,12920000,SAN JUAN (LAPOG)
10000000,12900000,12921000,SAN VICENTE
10000000,12900000,12922000,SANTA
10000000,12900000,12923000,SANTA CATALINA
10000000,12900000,12924000,SANTA CRUZ
10000000,12900000,12925000,SANTA LUCIA
10000000,12900000,12926000,SANTA MARIA
10000000,12900000,12927000,SANTIAGO
10000000,12900000,12928000,SANTO DOMINGO
10000000,12900000,12929000,SIGAY
10000000,12900000,12930000,SINAIT
10000000,12900000,12931000,SUGPON
10000000,12900000,12932000,SUYO
10000000,12900000,12933000,TAGUDIN
10000000,12900000,12934000,CITY OF VIGAN (Capital)
10000000,13300000,13301000,AGOO
10000000,13300000,13302000,ARINGAY
10000000,13300000,13303000,BACNOTAN
10000000,13300000,13304000,BAGULIN
10000000,13300000,13305000,BALAOAN
10000000,13300000,13306000,BANGAR
10000000,13300000,13307000,BAUANG
10000000,13300000,13308000,BURGOS
10000000,13300000,13309000,CABA
10000000,13300000,13310000,LUNA
10000000,13300000,13311000,NAGUILIAN
10000000,13300000,13312000,PUGO
10000000,13300000,13313000,ROSARIO
10000000,13300000,13314000,CITY OF SAN FERNANDO (Capital)
10000000,13300000,13315000,SAN GABRIEL
10000000,13300000,13316000,SAN JUAN
10000000,13300000,13317000,SANTO TOMAS
10000000,13300000,13318000,SANTOL
10000000,13300000,13319000,SUDIPEN
10000000,13300000,13320000,TUBAO
10000000,15500000,15501000,AGNO
10000000,15500000,15502000,AGUILAR
10000000,15500000,15503000,CITY OF ALAMINOS
10000000,15500000,15504000,ALCALA
10000000,15500000,15505000,ANDA
10000000,15500000,15506000,ASINGAN
10000000,15500000,15507000,BALUNGAO
10000000,15500000,15508000,BANI
10000000,15500000,15509000,BASISTA
10000000,15500000,15510000,BAUTISTA
10000000,15500000,15511000,BAYAMBANG
10000000,15500000,15512000,BINALONAN
10000000,15500000,15513000,BINMALEY
10000000,15500000,15514000,BOLINAO
10000000,15500000,15515000,BUGALLON
10000000,15500000,15516000,BURGOS
10000000,15500000,15517000,CALASIAO
10000000,15500000,15518000,DAGUPAN CITY
10000000,15500000,15519000,DASOL
10000000,15500000,15520000,INFANTA
10000000,15500000,15521000,LABRADOR
10000000,15500000,15522000,LINGAYEN (Capital)
10000000,15500000,15523000,MABINI
10000000,15500000,15524000,MALASIQUI
10000000,15500000,15525000,MANAOAG
10000000,15500000,15526000,MANGALDAN
10000000,15500000,15527000,MANGATAREM
10000000,15500000,15528000,MAPANDAN
10000000,15500000,15529000,NATIVIDAD
10000000,15500000,15530000,POZORRUBIO
10000000,15500000,15531000,ROSALES
10000000,15500000,15532000,SAN CARLOS CITY
10000000,15500000,15533000,SAN FABIAN
10000000,15500000,15534000,SAN JACINTO
10000000,15500000,15535000,SAN MANUEL
10000000,15500000,15536000,SAN NICOLAS
10000000,15500000,15537000,SAN QUINTIN
10000000,15500000,15538000,SANTA BARBARA
10000000,15500000,15539000,SANTA MARIA
10000000,15500000,15540000,SANTO TOMAS
10000000,15500000,15541000,SISON
10000000,15500000,15542000,SUAL
10000000,15500000,15543000,TAYUG
10000000,15500000,15544000,UMINGAN
10000000,15500000,15545000,URBIZTONDO
10000000,15500000,15546000,CITY OF URDANETA
10000000,15500000,15547000,VILLASIS
10000000,15500000,15548000,LAOAC
20000000,20900000,20901000,BASCO (Capital)
20000000,20900000,20902000,ITBAYAT
20000000,20900000,20903000,IVANA
20000000,20900000,20904000,MAHATAO
20000000,20900000,20905000,SABTANG
20000000,20900000,20906000,UYUGAN
20000000,21500000,21501000,ABULUG
20000000,21500000,21502000,ALCALA
20000000,21500000,21503000,ALLACAPAN
20000000,21500000,21504000,AMULUNG
20000000,21500000,21505000,APARRI
20000000,21500000,21506000,BAGGAO
20000000,21500000,21507000,BALLESTEROS
20000000,21500000,21508000,BUGUEY
20000000,21500000,21509000,CALAYAN
20000000,21500000,21510000,CAMALANIUGAN
20000000,21500000,21511000,CLAVERIA
20000000,21500000,21512000,ENRILE
20000000,21500000,21513000,GATTARAN
20000000,21500000,21514000,GONZAGA
20000000,21500000,21515000,IGUIG
20000000,21500000,21516000,LAL-LO
20000000,21500000,21517000,LASAM
20000000,21500000,21518000,PAMPLONA
20000000,21500000,21519000,PEÑABLANCA
20000000,21500000,21520000,PIAT
20000000,21500000,21521000,RIZAL
20000000,21500000,21522000,SANCHEZ-MIRA
20000000,21500000,21523000,SANTA ANA
20000000,21500000,21524000,SANTA PRAXEDES
20000000,21500000,21525000,SANTA TERESITA
20000000,21500000,21526000,SANTO NIÑO (FAIRE)
20000000,21500000,21527000,SOLANA
20000000,21500000,21528000,TUAO
20000000,21500000,21529000,TUGUEGARAO CITY (Capital)
20000000,23100000,23101000,ALICIA
20000000,23100000,23102000,ANGADANAN
20000000,23100000,23103000,AURORA
20000000,23100000,23104000,BENITO SOLIVEN
20000000,23100000,23105000,BURGOS
20000000,23100000,23106000,CABAGAN
20000000,23100000,23107000,CABATUAN
20000000,23100000,23108000,CITY OF CAUAYAN
20000000,23100000,23109000,CORDON
20000000,23100000,23110000,DINAPIGUE
20000000,23100000,23111000,DIVILACAN
20000000,23100000,23112000,ECHAGUE
20000000,23100000,23113000,GAMU
20000000,23100000,23114000,ILAGAN CITY (Capital)
20000000,23100000,23115000,JONES
20000000,23100000,23116000,LUNA
20000000,23100000,23117000,MACONACON
20000000,23100000,23118000,DELFIN ALBANO (MAGSAYSAY)
20000000,23100000,23119000,MALLIG
20000000,23100000,23120000,NAGUILIAN
20000000,23100000,23121000,PALANAN
20000000,23100000,23122000,QUEZON
20000000,23100000,23123000,QUIRINO
20000000,23100000,23124000,RAMON
20000000,23100000,23125000,REINA MERCEDES
20000000,23100000,23126000,ROXAS
20000000,23100000,23127000,SAN AGUSTIN
20000000,23100000,23128000,SAN GUILLERMO
20000000,23100000,23129000,SAN ISIDRO
20000000,23100000,23130000,SAN MANUEL
20000000,23100000,23131000,SAN MARIANO
20000000,23100000,23132000,SAN MATEO
20000000,23100000,23133000,SAN PABLO
20000000,23100000,23134000,SANTA MARIA
20000000,23100000,23135000,CITY OF SANTIAGO
20000000,23100000,23136000,SANTO TOMAS
20000000,23100000,23137000,TUMAUINI
20000000,25000000,25001000,AMBAGUIO
20000000,25000000,25002000,ARITAO
20000000,25000000,25003000,BAGABAG
20000000,25000000,25004000,BAMBANG
20000000,25000000,25005000,BAYOMBONG (Capital)
20000000,25000000,25006000,DIADI
20000000,25000000,25007000,DUPAX DEL NORTE
20000000,25000000,25008000,DUPAX DEL SUR
20000000,25000000,25009000,KASIBU
20000000,25000000,25010000,KAYAPA
20000000,25000000,25011000,QUEZON
20000000,25000000,25012000,SANTA FE
20000000,25000000,25013000,SOLANO
20000000,25000000,25014000,VILLAVERDE
20000000,25000000,25015000,ALFONSO CASTANEDA
20000000,25700000,25701000,AGLIPAY
20000000,25700000,25702000,CABARROGUIS (Capital)
20000000,25700000,25703000,DIFFUN
20000000,25700000,25704000,MADDELA
20000000,25700000,25705000,SAGUDAY
20000000,25700000,25706000,NAGTIPUNAN
30000000,30800000,30801000,ABUCAY
30000000,30800000,30802000,BAGAC
30000000,30800000,30803000,CITY OF BALANGA (Capital)
30000000,30800000,30804000,DINALUPIHAN
30000000,30800000,30805000,HERMOSA
30000000,30800000,30806000,LIMAY
30000000,30800000,30807000,MARIVELES
30000000,30800000,30808000,MORONG
30000000,30800000,30809000,ORANI
30000000,30800000,30810000,ORION
30000000,30800000,30811000,PILAR
30000000,30800000,30812000,SAMAL
30000000,31400000,31401000,ANGAT
30000000,31400000,31402000,BALAGTAS (BIGAA)
30000000,31400000,31403000,BALIUAG
30000000,31400000,31404000,BOCAUE
30000000,31400000,31405000,BULACAN
30000000,31400000,31406000,BUSTOS
30000000,31400000,31407000,CALUMPIT
30000000,31400000,31408000,GUIGUINTO
30000000,31400000,31409000,HAGONOY
30000000,31400000,31410000,CITY OF MALOLOS (Capital)
30000000,31400000,31411000,MARILAO
30000000,31400000,31412000,CITY OF MEYCAUAYAN
30000000,31400000,31413000,NORZAGARAY
30000000,31400000,31414000,OBANDO
30000000,31400000,31415000,PANDI
30000000,31400000,31416000,PAOMBONG
30000000,31400000,31417000,PLARIDEL
30000000,31400000,31418000,PULILAN
30000000,31400000,31419000,SAN ILDEFONSO
30000000,31400000,31420000,CITY OF SAN JOSE DEL MONTE
30000000,31400000,31421000,SAN MIGUEL
30000000,31400000,31422000,SAN RAFAEL
30000000,31400000,31423000,SANTA MARIA
30000000,31400000,31424000,DOÑA REMEDIOS TRINIDAD
30000000,34900000,34901000,ALIAGA
30000000,34900000,34902000,BONGABON
30000000,34900000,34903000,CABANATUAN CITY
30000000,34900000,34904000,CABIAO
30000000,34900000,34905000,CARRANGLAN
30000000,34900000,34906000,CUYAPO
30000000,34900000,34907000,GABALDON (BITULOK & SABANI)
30000000,34900000,34908000,CITY OF GAPAN
30000000,34900000,34909000,GENERAL MAMERTO NATIVIDAD
30000000,34900000,34910000,GENERAL TINIO (PAPAYA)
30000000,34900000,34911000,GUIMBA
30000000,34900000,34912000,JAEN
30000000,34900000,34913000,LAUR
30000000,34900000,34914000,LICAB
30000000,34900000,34915000,LLANERA
30000000,34900000,34916000,LUPAO
30000000,34900000,34917000,SCIENCE CITY OF MUÑOZ
30000000,34900000,34918000,NAMPICUAN
30000000,34900000,34919000,PALAYAN CITY (Capital)
30000000,34900000,34920000,PANTABANGAN
30000000,34900000,34921000,PEÑARANDA
30000000,34900000,34922000,QUEZON
30000000,34900000,34923000,RIZAL
30000000,34900000,34924000,SAN ANTONIO
30000000,34900000,34925000,SAN ISIDRO
30000000,34900000,34926000,SAN JOSE CITY
30000000,34900000,34927000,SAN LEONARDO
30000000,34900000,34928000,SANTA ROSA
30000000,34900000,34929000,SANTO DOMINGO
30000000,34900000,34930000,TALAVERA
30000000,34900000,34931000,TALUGTUG
30000000,34900000,34932000,ZARAGOZA
30000000,35400000,35401000,ANGELES CITY
30000000,35400000,35402000,APALIT
30000000,35400000,35403000,ARAYAT
30000000,35400000,35404000,BACOLOR
30000000,35400000,35405000,CANDABA
30000000,35400000,35406000,FLORIDABLANCA
30000000,35400000,35407000,GUAGUA
30000000,35400000,35408000,LUBAO
30000000,35400000,35409000,MABALACAT CITY
30000000,35400000,35410000,MACABEBE
30000000,35400000,35411000,MAGALANG
30000000,35400000,35412000,MASANTOL
30000000,35400000,35413000,MEXICO
30000000,35400000,35414000,MINALIN
30000000,35400000,35415000,PORAC
30000000,35400000,35416000,CITY OF SAN FERNANDO (Capital)
30000000,35400000,35417000,SAN LUIS
30000000,35400000,35418000,SAN SIMON
30000000,35400000,35419000,SANTA ANA
30000000,35400000,35420000,SANTA RITA
30000000,35400000,35421000,SANTO TOMAS
30000000,35400000,35422000,SASMUAN (Sexmoan)
30000000,36900000,36901000,ANAO
30000000,36900000,36902000,BAMBAN
30000000,36900000,36903000,CAMILING
30000000,36900000,36904000,CAPAS
30000000,36900000,36905000,CONCEPCION
30000000,36900000,36906000,GERONA
30000000,36900000,36907000,LA PAZ
30000000,36900000,36908000,MAYANTOC
30000000,36900000,36909000,MONCADA
30000000,36900000,36910000,PANIQUI
30000000,36900000,36911000,PURA
30000000,36900000,36912000,RAMOS
30000000,36900000,36913000,SAN CLEMENTE
30000000,36900000,36914000,SAN MANUEL
30000000,36900000,36915000,SANTA IGNACIA
30000000,36900000,36916000,CITY OF TARLAC (Capital)
30000000,36900000,36917000,VICTORIA
30000000,36900000,36918000,SAN JOSE
30000000,37100000,37101000,BOTOLAN
30000000,37100000,37102000,CABANGAN
30000000,37100000,37103000,CANDELARIA
30000000,37100000,37104000,CASTILLEJOS
30000000,37100000,37105000,IBA (Capital)
30000000,37100000,37106000,MASINLOC
30000000,37100000,37107000,OLONGAPO CITY
30000000,37100000,37108000,PALAUIG
30000000,37100000,37109000,SAN ANTONIO
30000000,37100000,37110000,SAN FELIPE
30000000,37100000,37111000,SAN MARCELINO
30000000,37100000,37112000,SAN NARCISO
30000000,37100000,37113000,SANTA CRUZ
30000000,37100000,37114000,SUBIC
30000000,37700000,37701000,BALER (Capital)
30000000,37700000,37702000,CASIGURAN
30000000,37700000,37703000,DILASAG
30000000,37700000,37704000,DINALUNGAN
30000000,37700000,37705000,DINGALAN
30000000,37700000,37706000,DIPACULAO
30000000,37700000,37707000,MARIA AURORA
30000000,37700000,37708000,SAN LUIS
40000000,41000000,41001000,AGONCILLO
40000000,41000000,41002000,ALITAGTAG
40000000,41000000,41003000,BALAYAN
40000000,41000000,41004000,BALETE
40000000,41000000,41005000,BATANGAS CITY (Capital)
40000000,41000000,41006000,BAUAN
40000000,41000000,41007000,CALACA
40000000,41000000,41008000,CALATAGAN
40000000,41000000,41009000,CUENCA
40000000,41000000,41010000,IBAAN
40000000,41000000,41011000,LAUREL
40000000,41000000,41012000,LEMERY
40000000,41000000,41013000,LIAN
40000000,41000000,41014000,LIPA CITY
40000000,41000000,41015000,LOBO
40000000,41000000,41016000,MABINI
40000000,41000000,41017000,MALVAR
40000000,41000000,41018000,MATAASNAKAHOY
40000000,41000000,41019000,NASUGBU
40000000,41000000,41020000,PADRE GARCIA
40000000,41000000,41021000,ROSARIO
40000000,41000000,41022000,SAN JOSE
40000000,41000000,41023000,SAN JUAN
40000000,41000000,41024000,SAN LUIS
40000000,41000000,41025000,SAN NICOLAS
40000000,41000000,41026000,SAN PASCUAL
40000000,41000000,41027000,SANTA TERESITA
40000000,41000000,41028000,SANTO TOMAS
40000000,41000000,41029000,TAAL
40000000,41000000,41030000,TALISAY
40000000,41000000,41031000,CITY OF TANAUAN
40000000,41000000,41032000,TAYSAN
40000000,41000000,41033000,TINGLOY
40000000,41000000,41034000,TUY
40000000,42100000,42101000,ALFONSO
40000000,42100000,42102000,AMADEO
40000000,42100000,42103000,BACOOR CITY
40000000,42100000,42104000,CARMONA
40000000,42100000,42105000,CAVITE CITY
40000000,42100000,42106000,CITY OF DASMARIÑAS
40000000,42100000,42107000,GENERAL EMILIO AGUINALDO
40000000,42100000,42108000,CITY OF GENERAL TRIAS
40000000,42100000,42109000,IMUS CITY
40000000,42100000,42110000,INDANG
40000000,42100000,42111000,KAWIT
40000000,42100000,42112000,MAGALLANES
40000000,42100000,42113000,MARAGONDON
40000000,42100000,42114000,MENDEZ (MENDEZ-NUÑEZ)
40000000,42100000,42115000,NAIC
40000000,42100000,42116000,NOVELETA
40000000,42100000,42117000,ROSARIO
40000000,42100000,42118000,SILANG
40000000,42100000,42119000,TAGAYTAY CITY
40000000,42100000,42120000,TANZA
40000000,42100000,42121000,TERNATE
40000000,42100000,42122000,TRECE MARTIRES CITY (Capital)
40000000,42100000,42123000,GEN. MARIANO ALVAREZ
40000000,43400000,43401000,ALAMINOS
40000000,43400000,43402000,BAY
40000000,43400000,43403000,CITY OF BIÑAN
40000000,43400000,43404000,CABUYAO CITY
40000000,43400000,43405000,CITY OF CALAMBA
40000000,43400000,43406000,CALAUAN
40000000,43400000,43407000,CAVINTI
40000000,43400000,43408000,FAMY
40000000,43400000,43409000,KALAYAAN
40000000,43400000,43410000,LILIW
40000000,43400000,43411000,LOS BAÑOS
40000000,43400000,43412000,LUISIANA
40000000,43400000,43413000,LUMBAN
40000000,43400000,43414000,MABITAC
40000000,43400000,43415000,MAGDALENA
40000000,43400000,43416000,MAJAYJAY
40000000,43400000,43417000,NAGCARLAN
40000000,43400000,43418000,PAETE
40000000,43400000,43419000,PAGSANJAN
40000000,43400000,43420000,PAKIL
40000000,43400000,43421000,PANGIL
40000000,43400000,43422000,PILA
40000000,43400000,43423000,RIZAL
40000000,43400000,43424000,SAN PABLO CITY
40000000,43400000,43425000,CITY OF SAN PEDRO
40000000,43400000,43426000,SANTA CRUZ (Capital)
40000000,43400000,43427000,SANTA MARIA
40000000,43400000,43428000,CITY OF SANTA ROSA
40000000,43400000,43429000,SINILOAN
40000000,43400000,43430000,VICTORIA
40000000,45600000,45601000,AGDANGAN
40000000,45600000,45602000,ALABAT
40000000,45600000,45603000,ATIMONAN
40000000,45600000,45605000,BUENAVISTA
40000000,45600000,45606000,BURDEOS
40000000,45600000,45607000,CALAUAG
40000000,45600000,45608000,CANDELARIA
40000000,45600000,45610000,CATANAUAN
40000000,45600000,45615000,DOLORES
40000000,45600000,45616000,GENERAL LUNA
40000000,45600000,45617000,GENERAL NAKAR
40000000,45600000,45618000,GUINAYANGAN
40000000,45600000,45619000,GUMACA
40000000,45600000,45620000,INFANTA
40000000,45600000,45621000,JOMALIG
40000000,45600000,45622000,LOPEZ
40000000,45600000,45623000,LUCBAN
40000000,45600000,45624000,LUCENA CITY (Capital)
40000000,45600000,45625000,MACALELON
40000000,45600000,45627000,MAUBAN
40000000,45600000,45628000,MULANAY
40000000,45600000,45629000,PADRE BURGOS
40000000,45600000,45630000,PAGBILAO
40000000,45600000,45631000,PANUKULAN
40000000,45600000,45632000,PATNANUNGAN
40000000,45600000,45633000,PEREZ
40000000,45600000,45634000,PITOGO
40000000,45600000,45635000,PLARIDEL
40000000,45600000,45636000,POLILLO
40000000,45600000,45637000,QUEZON
40000000,45600000,45638000,REAL
40000000,45600000,45639000,SAMPALOC
40000000,45600000,45640000,SAN ANDRES
40000000,45600000,45641000,SAN ANTONIO
40000000,45600000,45642000,SAN FRANCISCO (AURORA)
40000000,45600000,45644000,SAN NARCISO
40000000,45600000,45645000,SARIAYA
40000000,45600000,45646000,TAGKAWAYAN
40000000,45600000,45647000,CITY OF TAYABAS
40000000,45600000,45648000,TIAONG
40000000,45600000,45649000,UNISAN
40000000,45800000,45801000,ANGONO
40000000,45800000,45802000,CITY OF ANTIPOLO
40000000,45800000,45803000,BARAS
40000000,45800000,45804000,BINANGONAN
40000000,45800000,45805000,CAINTA
40000000,45800000,45806000,CARDONA
40000000,45800000,45807000,JALA-JALA
40000000,45800000,45808000,RODRIGUEZ (MONTALBAN)
40000000,45800000,45809000,MORONG
40000000,45800000,45810000,PILILLA
40000000,45800000,45811000,SAN MATEO
40000000,45800000,45812000,TANAY
40000000,45800000,45813000,TAYTAY
40000000,45800000,45814000,TERESA
170000000,174000000,174001000,BOAC (Capital)
170000000,174000000,174002000,BUENAVISTA
170000000,174000000,174003000,GASAN
170000000,174000000,174004000,MOGPOG
170000000,174000000,174005000,SANTA CRUZ
170000000,174000000,174006000,TORRIJOS
170000000,175100000,175101000,ABRA DE ILOG
170000000,175100000,175102000,CALINTAAN
170000000,175100000,175103000,LOOC
170000000,175100000,175104000,LUBANG
170000000,175100000,175105000,MAGSAYSAY
170000000,175100000,175106000,MAMBURAO (Capital)
170000000,175100000,175107000,PALUAN
170000000,175100000,175108000,RIZAL
170000000,175100000,175109000,SABLAYAN
170000000,175100000,175110000,SAN JOSE
170000000,175100000,175111000,SANTA CRUZ
170000000,175200000,175201000,BACO
170000000,175200000,175202000,BANSUD
170000000,175200000,175203000,BONGABONG
170000000,175200000,175204000,BULALACAO (SAN PEDRO)
170000000,175200000,175205000,CITY OF CALAPAN (Capital)
170000000,175200000,175206000,GLORIA
170000000,175200000,175207000,MANSALAY
170000000,175200000,175208000,NAUJAN
170000000,175200000,175209000,PINAMALAYAN
170000000,175200000,175210000,POLA
170000000,175200000,175211000,PUERTO GALERA
170000000,175200000,175212000,ROXAS
170000000,175200000,175213000,SAN TEODORO
170000000,175200000,175214000,SOCORRO
170000000,175200000,175215000,VICTORIA
170000000,175300000,175301000,ABORLAN
170000000,175300000,175302000,AGUTAYA
170000000,175300000,175303000,ARACELI
170000000,175300000,175304000,BALABAC
170000000,175300000,175305000,BATARAZA
170000000,175300000,175306000,BROOKE'S POINT
170000000,175300000,175307000,BUSUANGA
170000000,175300000,175308000,CAGAYANCILLO
170000000,175300000,175309000,CORON
170000000,175300000,175310000,CUYO
170000000,175300000,175311000,DUMARAN
170000000,175300000,175312000,EL NIDO (BACUIT)
170000000,175300000,175313000,LINAPACAN
170000000,175300000,175314000,MAGSAYSAY
170000000,175300000,175315000,NARRA
170000000,175300000,175316000,PUERTO PRINCESA CITY (Capital)
170000000,175300000,175317000,QUEZON
170000000,175300000,175318000,ROXAS
170000000,175300000,175319000,SAN VICENTE
170000000,175300000,175320000,TAYTAY
170000000,175300000,175321000,KALAYAAN
170000000,175300000,175322000,CULION
170000000,175300000,175323000,RIZAL (MARCOS)
170000000,175300000,175324000,SOFRONIO ESPAÑOLA
170000000,175900000,175901000,ALCANTARA
170000000,175900000,175902000,BANTON
170000000,175900000,175903000,CAJIDIOCAN
170000000,175900000,175904000,CALATRAVA
170000000,175900000,175905000,CONCEPCION
170000000,175900000,175906000,CORCUERA
170000000,175900000,175907000,LOOC
170000000,175900000,175908000,MAGDIWANG
170000000,175900000,175909000,ODIONGAN
170000000,175900000,175910000,ROMBLON (Capital)
170000000,175900000,175911000,SAN AGUSTIN
170000000,175900000,175912000,SAN ANDRES
170000000,175900000,175913000,SAN FERNANDO
170000000,175900000,175914000,SAN JOSE
170000000,175900000,175915000,SANTA FE
170000000,175900000,175916000,FERROL
170000000,175900000,175917000,SANTA MARIA (IMELDA)
50000000,50500000,50501000,BACACAY
50000000,50500000,50502000,CAMALIG
50000000,50500000,50503000,DARAGA (LOCSIN)
50000000,50500000,50504000,GUINOBATAN
50000000,50500000,50505000,JOVELLAR
50000000,50500000,50506000,LEGAZPI CITY (Capital)
50000000,50500000,50507000,LIBON
50000000,50500000,50508000,CITY OF LIGAO
50000000,50500000,50509000,MALILIPOT
50000000,50500000,50510000,MALINAO
50000000,50500000,50511000,MANITO
50000000,50500000,50512000,OAS
50000000,50500000,50513000,PIO DURAN
50000000,50500000,50514000,POLANGUI
50000000,50500000,50515000,RAPU-RAPU
50000000,50500000,50516000,SANTO DOMINGO (LIBOG)
50000000,50500000,50517000,CITY OF TABACO
50000000,50500000,50518000,TIWI
50000000,51600000,51601000,BASUD
50000000,51600000,51602000,CAPALONGA
50000000,51600000,51603000,DAET (Capital)
50000000,51600000,51604000,SAN LORENZO RUIZ (IMELDA)
50000000,51600000,51605000,JOSE PANGANIBAN
50000000,51600000,51606000,LABO
50000000,51600000,51607000,MERCEDES
50000000,51600000,51608000,PARACALE
50000000,51600000,51609000,SAN VICENTE
50000000,51600000,51610000,SANTA ELENA
50000000,51600000,51611000,TALISAY
50000000,51600000,51612000,VINZONS
50000000,51700000,51701000,BAAO
50000000,51700000,51702000,BALATAN
50000000,51700000,51703000,BATO
50000000,51700000,51704000,BOMBON
50000000,51700000,51705000,BUHI
50000000,51700000,51706000,BULA
50000000,51700000,51707000,CABUSAO
50000000,51700000,51708000,CALABANGA
50000000,51700000,51709000,CAMALIGAN
50000000,51700000,51710000,CANAMAN
50000000,51700000,51711000,CARAMOAN
50000000,51700000,51712000,DEL GALLEGO
50000000,51700000,51713000,GAINZA
50000000,51700000,51714000,GARCHITORENA
50000000,51700000,51715000,GOA
50000000,51700000,51716000,IRIGA CITY
50000000,51700000,51717000,LAGONOY
50000000,51700000,51718000,LIBMANAN
50000000,51700000,51719000,LUPI
50000000,51700000,51720000,MAGARAO
50000000,51700000,51721000,MILAOR
50000000,51700000,51722000,MINALABAC
50000000,51700000,51723000,NABUA
50000000,51700000,51724000,NAGA CITY
50000000,51700000,51725000,OCAMPO
50000000,51700000,51726000,PAMPLONA
50000000,51700000,51727000,PASACAO
50000000,51700000,51728000,PILI (Capital)
50000000,51700000,51729000,PRESENTACION (PARUBCAN)
50000000,51700000,51730000,RAGAY
50000000,51700000,51731000,SAGÑAY
50000000,51700000,51732000,SAN FERNANDO
50000000,51700000,51733000,SAN JOSE
50000000,51700000,51734000,SIPOCOT
50000000,51700000,51735000,SIRUMA
50000000,51700000,51736000,TIGAON
50000000,51700000,51737000,TINAMBAC
50000000,52000000,52001000,BAGAMANOC
50000000,52000000,52002000,BARAS
50000000,52000000,52003000,BATO
50000000,52000000,52004000,CARAMORAN
50000000,52000000,52005000,GIGMOTO
50000000,52000000,52006000,PANDAN
50000000,52000000,52007000,PANGANIBAN (PAYO)
50000000,52000000,52008000,SAN ANDRES (CALOLBON)
50000000,52000000,52009000,SAN MIGUEL
50000000,52000000,52010000,VIGA
50000000,52000000,52011000,VIRAC (Capital)
50000000,54100000,54101000,AROROY
50000000,54100000,54102000,BALENO
50000000,54100000,54103000,BALUD
50000000,54100000,54104000,BATUAN
50000000,54100000,54105000,CATAINGAN
50000000,54100000,54106000,CAWAYAN
50000000,54100000,54107000,CLAVERIA
50000000,54100000,54108000,DIMASALANG
50000000,54100000,54109000,ESPERANZA
50000000,54100000,54110000,MANDAON
50000000,54100000,54111000,CITY OF MASBATE (Capital)
50000000,54100000,54112000,MILAGROS
50000000,54100000,54113000,MOBO
50000000,54100000,54114000,MONREAL
50000000,54100000,54115000,PALANAS
50000000,54100000,54116000,PIO V. CORPUZ (LIMBUHAN)
50000000,54100000,54117000,PLACER
50000000,54100000,54118000,SAN FERNANDO
50000000,54100000,54119000,SAN JACINTO
50000000,54100000,54120000,SAN PASCUAL
50000000,54100000,54121000,USON
50000000,56200000,56202000,BARCELONA
50000000,56200000,56203000,BULAN
50000000,56200000,56204000,BULUSAN
50000000,56200000,56205000,CASIGURAN
50000000,56200000,56206000,CASTILLA
50000000,56200000,56207000,DONSOL
50000000,56200000,56208000,GUBAT
50000000,56200000,56209000,IROSIN
50000000,56200000,56210000,JUBAN
50000000,56200000,56211000,MAGALLANES
50000000,56200000,56212000,MATNOG
50000000,56200000,56213000,PILAR
50000000,56200000,56214000,PRIETO DIAZ
50000000,56200000,56215000,SANTA MAGDALENA
50000000,56200000,56216000,CITY OF SORSOGON (Capital)
60000000,60400000,60401000,ALTAVAS
60000000,60400000,60402000,BALETE
60000000,60400000,60403000,BANGA
60000000,60400000,60404000,BATAN
60000000,60400000,60405000,BURUANGA
60000000,60400000,60406000,IBAJAY
60000000,60400000,60407000,KALIBO (Capital)
60000000,60400000,60408000,LEZO
60000000,60400000,60409000,LIBACAO
60000000,60400000,60410000,MADALAG
60000000,60400000,60411000,MAKATO
60000000,60400000,60412000,MALAY
60000000,60400000,60413000,MALINAO
60000000,60400000,60414000,NABAS
60000000,60400000,60415000,NEW WASHINGTON
60000000,60400000,60416000,NUMANCIA
60000000,60400000,60417000,TANGALAN
60000000,60600000,60601000,ANINI-Y
60000000,60600000,60602000,BARBAZA
60000000,60600000,60603000,BELISON
60000000,60600000,60604000,BUGASONG
60000000,60600000,60605000,CALUYA
60000000,60600000,60606000,CULASI
60000000,60600000,60607000,TOBIAS FORNIER (DAO)
60000000,60600000,60608000,HAMTIC
60000000,60600000,60609000,LAUA-AN
60000000,60600000,60610000,LIBERTAD
60000000,60600000,60611000,PANDAN
60000000,60600000,60612000,PATNONGON
60000000,60600000,60613000,SAN JOSE (Capital)
60000000,60600000,60614000,SAN REMIGIO
60000000,60600000,60615000,SEBASTE
60000000,60600000,60616000,SIBALOM
60000000,60600000,60617000,TIBIAO
60000000,60600000,60618000,VALDERRAMA
60000000,61900000,61901000,CUARTERO
60000000,61900000,61902000,DAO
60000000,61900000,61903000,DUMALAG
60000000,61900000,61904000,DUMARAO
60000000,61900000,61905000,IVISAN
60000000,61900000,61906000,JAMINDAN
60000000,61900000,61907000,MA-AYON
60000000,61900000,61908000,MAMBUSAO
60000000,61900000,61909000,PANAY
60000000,61900000,61910000,PANITAN
60000000,61900000,61911000,PILAR
60000000,61900000,61912000,PONTEVEDRA
60000000,61900000,61913000,PRESIDENT ROXAS
60000000,61900000,61914000,ROXAS CITY (Capital)
60000000,61900000,61915000,SAPI-AN
60000000,61900000,61916000,SIGMA
60000000,61900000,61917000,TAPAZ
60000000,63000000,63001000,AJUY
60000000,63000000,63002000,ALIMODIAN
60000000,63000000,63003000,ANILAO
60000000,63000000,63004000,BADIANGAN
60000000,63000000,63005000,BALASAN
60000000,63000000,63006000,BANATE
60000000,63000000,63007000,BAROTAC NUEVO
60000000,63000000,63008000,BAROTAC VIEJO
60000000,63000000,63009000,BATAD
60000000,63000000,63010000,BINGAWAN
60000000,63000000,63012000,CABATUAN
60000000,63000000,63013000,CALINOG
60000000,63000000,63014000,CARLES
60000000,63000000,63015000,CONCEPCION
60000000,63000000,63016000,DINGLE
60000000,63000000,63017000,DUEÑAS
60000000,63000000,63018000,DUMANGAS
60000000,63000000,63019000,ESTANCIA
60000000,63000000,63020000,GUIMBAL
60000000,63000000,63021000,IGBARAS
60000000,63000000,63022000,ILOILO CITY (Capital)
60000000,63000000,63023000,JANIUAY
60000000,63000000,63025000,LAMBUNAO
60000000,63000000,63026000,LEGANES
60000000,63000000,63027000,LEMERY
60000000,63000000,63028000,LEON
60000000,63000000,63029000,MAASIN
60000000,63000000,63030000,MIAGAO
60000000,63000000,63031000,MINA
60000000,63000000,63032000,NEW LUCENA
60000000,63000000,63034000,OTON
60000000,63000000,63035000,CITY OF PASSI
60000000,63000000,63036000,PAVIA
60000000,63000000,63037000,POTOTAN
60000000,63000000,63038000,SAN DIONISIO
60000000,63000000,63039000,SAN ENRIQUE
60000000,63000000,63040000,SAN JOAQUIN
60000000,63000000,63041000,SAN MIGUEL
60000000,63000000,63042000,SAN RAFAEL
60000000,63000000,63043000,SANTA BARBARA
60000000,63000000,63044000,SARA
60000000,63000000,63045000,TIGBAUAN
60000000,63000000,63046000,TUBUNGAN
60000000,63000000,63047000,ZARRAGA
60000000,67900000,67901000,BUENAVISTA
60000000,67900000,67902000,JORDAN (Capital)
60000000,67900000,67903000,NUEVA VALENCIA
60000000,67900000,67904000,SAN LORENZO
60000000,67900000,67905000,SIBUNAG
70000000,71200000,71201000,ALBURQUERQUE
70000000,71200000,71202000,ALICIA
70000000,71200000,71203000,ANDA
70000000,71200000,71204000,ANTEQUERA
70000000,71200000,71205000,BACLAYON
70000000,71200000,71206000,BALILIHAN
70000000,71200000,71207000,BATUAN
70000000,71200000,71208000,BILAR
70000000,71200000,71209000,BUENAVISTA
70000000,71200000,71210000,CALAPE
70000000,71200000,71211000,CANDIJAY
70000000,71200000,71212000,CARMEN
70000000,71200000,71213000,CATIGBIAN
70000000,71200000,71214000,CLARIN
70000000,71200000,71215000,CORELLA
70000000,71200000,71216000,CORTES
70000000,71200000,71217000,DAGOHOY
70000000,71200000,71218000,DANAO
70000000,71200000,71219000,DAUIS
70000000,71200000,71220000,DIMIAO
70000000,71200000,71221000,DUERO
70000000,71200000,71222000,GARCIA HERNANDEZ
70000000,71200000,71223000,GUINDULMAN
70000000,71200000,71224000,INABANGA
70000000,71200000,71225000,JAGNA
70000000,71200000,71226000,GETAFE
70000000,71200000,71227000,LILA
70000000,71200000,71228000,LOAY
70000000,71200000,71229000,LOBOC
70000000,71200000,71230000,LOON
70000000,71200000,71231000,MABINI
70000000,71200000,71232000,MARIBOJOC
70000000,71200000,71233000,PANGLAO
70000000,71200000,71234000,PILAR
70000000,71200000,71235000,PRES. CARLOS P. GARCIA (PITOGO)
70000000,71200000,71236000,SAGBAYAN (BORJA)
70000000,71200000,71237000,SAN ISIDRO
70000000,71200000,71238000,SAN MIGUEL
70000000,71200000,71239000,SEVILLA
70000000,71200000,71240000,SIERRA BULLONES
70000000,71200000,71241000,SIKATUNA
70000000,71200000,71242000,TAGBILARAN CITY (Capital)
70000000,71200000,71243000,TALIBON
70000000,71200000,71244000,TRINIDAD
70000000,71200000,71245000,TUBIGON
70000000,71200000,71246000,UBAY
70000000,71200000,71247000,VALENCIA
70000000,71200000,71248000,BIEN UNIDO
70000000,72200000,72201000,ALCANTARA
70000000,72200000,72202000,ALCOY
70000000,72200000,72203000,ALEGRIA
70000000,72200000,72204000,ALOGUINSAN
70000000,72200000,72205000,ARGAO
70000000,72200000,72206000,ASTURIAS
70000000,72200000,72207000,BADIAN
70000000,72200000,72208000,BALAMBAN
70000000,72200000,72209000,BANTAYAN
70000000,72200000,72210000,BARILI
70000000,72200000,72211000,CITY OF BOGO
70000000,72200000,72212000,BOLJOON
70000000,72200000,72213000,BORBON
70000000,72200000,72214000,CITY OF CARCAR
70000000,72200000,72215000,CARMEN
70000000,72200000,72216000,CATMON
70000000,72200000,72217000,CEBU CITY (Capital)
70000000,72200000,72218000,COMPOSTELA
70000000,72200000,72219000,CONSOLACION
70000000,72200000,72220000,CORDOVA
70000000,72200000,72221000,DAANBANTAYAN
70000000,72200000,72222000,DALAGUETE
70000000,72200000,72223000,DANAO CITY
70000000,72200000,72224000,DUMANJUG
70000000,72200000,72225000,GINATILAN
70000000,72200000,72226000,LAPU-LAPU CITY (OPON)
70000000,72200000,72227000,LILOAN
70000000,72200000,72228000,MADRIDEJOS
70000000,72200000,72229000,MALABUYOC
70000000,72200000,72230000,MANDAUE CITY
70000000,72200000,72231000,MEDELLIN
70000000,72200000,72232000,MINGLANILLA
70000000,72200000,72233000,MOALBOAL
70000000,72200000,72234000,CITY OF NAGA
70000000,72200000,72235000,OSLOB
70000000,72200000,72236000,PILAR
70000000,72200000,72237000,PINAMUNGAHAN
70000000,72200000,72238000,PORO
70000000,72200000,72239000,RONDA
70000000,72200000,72240000,SAMBOAN
70000000,72200000,72241000,SAN FERNANDO
70000000,72200000,72242000,SAN FRANCISCO
70000000,72200000,72243000,SAN REMIGIO
70000000,72200000,72244000,SANTA FE
70000000,72200000,72245000,SANTANDER
70000000,72200000,72246000,SIBONGA
70000000,72200000,72247000,SOGOD
70000000,72200000,72248000,TABOGON
70000000,72200000,72249000,TABUELAN
70000000,72200000,72250000,CITY OF TALISAY
70000000,72200000,72251000,TOLEDO CITY
70000000,72200000,72252000,TUBURAN
70000000,72200000,72253000,TUDELA
70000000,76100000,76101000,ENRIQUE VILLANUEVA
70000000,76100000,76102000,LARENA
70000000,76100000,76103000,LAZI
70000000,76100000,76104000,MARIA
70000000,76100000,76105000,SAN JUAN
70000000,76100000,76106000,SIQUIJOR (Capital)
80000000,82600000,82601000,ARTECHE
80000000,82600000,82602000,BALANGIGA
80000000,82600000,82603000,BALANGKAYAN
80000000,82600000,82604000,CITY OF BORONGAN (Capital)
80000000,82600000,82605000,CAN-AVID
80000000,82600000,82606000,DOLORES
80000000,82600000,82607000,GENERAL MACARTHUR
80000000,82600000,82608000,GIPORLOS
80000000,82600000,82609000,GUIUAN
80000000,82600000,82610000,HERNANI
80000000,82600000,82611000,JIPAPAD
80000000,82600000,82612000,LAWAAN
80000000,82600000,82613000,LLORENTE
80000000,82600000,82614000,MASLOG
80000000,82600000,82615000,MAYDOLONG
80000000,82600000,82616000,MERCEDES
80000000,82600000,82617000,ORAS
80000000,82600000,82618000,QUINAPONDAN
80000000,82600000,82619000,SALCEDO
80000000,82600000,82620000,SAN JULIAN
80000000,82600000,82621000,SAN POLICARPO
80000000,82600000,82622000,SULAT
80000000,82600000,82623000,TAFT
80000000,83700000,83701000,ABUYOG
80000000,83700000,83702000,ALANGALANG
80000000,83700000,83703000,ALBUERA
80000000,83700000,83705000,BABATNGON
80000000,83700000,83706000,BARUGO
80000000,83700000,83707000,BATO
80000000,83700000,83708000,CITY OF BAYBAY
80000000,83700000,83710000,BURAUEN
80000000,83700000,83713000,CALUBIAN
80000000,83700000,83714000,CAPOOCAN
80000000,83700000,83715000,CARIGARA
80000000,83700000,83717000,DAGAMI
80000000,83700000,83718000,DULAG
80000000,83700000,83719000,HILONGOS
80000000,83700000,83720000,HINDANG
80000000,83700000,83721000,INOPACAN
80000000,83700000,83722000,ISABEL
80000000,83700000,83723000,JARO
80000000,83700000,83724000,JAVIER (BUGHO)
80000000,83700000,83725000,JULITA
80000000,83700000,83726000,KANANGA
80000000,83700000,83728000,LA PAZ
80000000,83700000,83729000,LEYTE
80000000,83700000,83730000,MACARTHUR
80000000,83700000,83731000,MAHAPLAG
80000000,83700000,83733000,MATAG-OB
80000000,83700000,83734000,MATALOM
80000000,83700000,83735000,MAYORGA
80000000,83700000,83736000,MERIDA
80000000,83700000,83738000,ORMOC CITY
80000000,83700000,83739000,PALO
80000000,83700000,83740000,PALOMPON
80000000,83700000,83741000,PASTRANA
80000000,83700000,83742000,SAN ISIDRO
80000000,83700000,83743000,SAN MIGUEL
80000000,83700000,83744000,SANTA FE
80000000,83700000,83745000,TABANGO
80000000,83700000,83746000,TABONTABON
80000000,83700000,83747000,TACLOBAN CITY (Capital)
80000000,83700000,83748000,TANAUAN
80000000,83700000,83749000,TOLOSA
80000000,83700000,83750000,TUNGA
80000000,83700000,83751000,VILLABA
80000000,84800000,84801000,ALLEN
80000000,84800000,84802000,BIRI
80000000,84800000,84803000,BOBON
80000000,84800000,84804000,CAPUL
80000000,84800000,84805000,CATARMAN (Capital)
80000000,84800000,84806000,CATUBIG
80000000,84800000,84807000,GAMAY
80000000,84800000,84808000,LAOANG
80000000,84800000,84809000,LAPINIG
80000000,84800000,84810000,LAS NAVAS
80000000,84800000,84811000,LAVEZARES
80000000,84800000,84812000,MAPANAS
80000000,84800000,84813000,MONDRAGON
80000000,84800000,84814000,PALAPAG
80000000,84800000,84815000,PAMBUJAN
80000000,84800000,84816000,ROSARIO
80000000,84800000,84817000,SAN ANTONIO
80000000,84800000,84818000,SAN ISIDRO
80000000,84800000,84819000,SAN JOSE
80000000,84800000,84820000,SAN ROQUE
80000000,84800000,84821000,SAN VICENTE
80000000,84800000,84822000,SILVINO LOBOS
80000000,84800000,84823000,VICTORIA
80000000,84800000,84824000,LOPE DE VEGA
80000000,86000000,86001000,ALMAGRO
80000000,86000000,86002000,BASEY
80000000,86000000,86003000,CALBAYOG CITY
80000000,86000000,86004000,CALBIGA
80000000,86000000,86005000,CITY OF CATBALOGAN (Capital)
80000000,86000000,86006000,DARAM
80000000,86000000,86007000,GANDARA
80000000,86000000,86008000,HINABANGAN
80000000,86000000,86009000,JIABONG
80000000,86000000,86010000,MARABUT
80000000,86000000,86011000,MATUGUINAO
80000000,86000000,86012000,MOTIONG
80000000,86000000,86013000,PINABACDAO
80000000,86000000,86014000,SAN JOSE DE BUAN
80000000,86000000,86015000,SAN SEBASTIAN
80000000,86000000,86016000,SANTA MARGARITA
80000000,86000000,86017000,SANTA RITA
80000000,86000000,86018000,SANTO NIÑO
80000000,86000000,86019000,TALALORA
80000000,86000000,86020000,TARANGNAN
80000000,86000000,86021000,VILLAREAL
80000000,86000000,86022000,PARANAS (WRIGHT)
80000000,86000000,86023000,ZUMARRAGA
80000000,86000000,86024000,TAGAPUL-AN
80000000,86000000,86025000,SAN JORGE
80000000,86000000,86026000,PAGSANGHAN
80000000,86400000,86401000,ANAHAWAN
80000000,86400000,86402000,BONTOC
80000000,86400000,86403000,HINUNANGAN
80000000,86400000,86404000,HINUNDAYAN
80000000,86400000,86405000,LIBAGON
80000000,86400000,86406000,LILOAN
80000000,86400000,86407000,CITY OF MAASIN (Capital)
80000000,86400000,86408000,MACROHON
80000000,86400000,86409000,MALITBOG
80000000,86400000,86410000,PADRE BURGOS
80000000,86400000,86411000,PINTUYAN
80000000,86400000,86412000,SAINT BERNARD
80000000,86400000,86413000,SAN FRANCISCO
80000000,86400000,86414000,SAN JUAN (CABALIAN)
80000000,86400000,86415000,SAN RICARDO
80000000,86400000,86416000,SILAGO
80000000,86400000,86417000,SOGOD
80000000,86400000,86418000,TOMAS OPPUS
80000000,86400000,86419000,LIMASAWA
80000000,87800000,87801000,ALMERIA
80000000,87800000,87802000,BILIRAN
80000000,87800000,87803000,CABUCGAYAN
80000000,87800000,87804000,CAIBIRAN
80000000,87800000,87805000,CULABA
80000000,87800000,87806000,KAWAYAN
80000000,87800000,87807000,MARIPIPI
80000000,87800000,87808000,NAVAL (Capital)
90000000,97200000,97201000,DAPITAN CITY
90000000,97200000,97202000,DIPOLOG CITY (Capital)
90000000,97200000,97203000,KATIPUNAN
90000000,97200000,97204000,LA LIBERTAD
90000000,97200000,97205000,LABASON
90000000,97200000,97206000,LILOY
90000000,97200000,97207000,MANUKAN
90000000,97200000,97208000,MUTIA
90000000,97200000,97209000,PIÑAN (NEW PIÑAN)
90000000,97200000,97210000,POLANCO
90000000,97200000,97211000,PRES. MANUEL A. ROXAS
90000000,97200000,97212000,RIZAL
90000000,97200000,97213000,SALUG
90000000,97200000,97214000,SERGIO OSMEÑA SR.
90000000,97200000,97215000,SIAYAN
90000000,97200000,97216000,SIBUCO
90000000,97200000,97217000,SIBUTAD
90000000,97200000,97218000,SINDANGAN
90000000,97200000,97219000,SIOCON
90000000,97200000,97220000,SIRAWAI
90000000,97200000,97221000,TAMPILISAN
90000000,97200000,97222000,JOSE DALMAN (PONOT)
90000000,97200000,97223000,GUTALAC
90000000,97200000,97224000,BALIGUIAN
90000000,97200000,97225000,GODOD
90000000,97200000,97226000,BACUNGAN (Leon T. Postigo)
90000000,97200000,97227000,KALAWIT
90000000,97300000,97302000,AURORA
90000000,97300000,97303000,BAYOG
90000000,97300000,97305000,DIMATALING
90000000,97300000,97306000,DINAS
90000000,97300000,97307000,DUMALINAO
90000000,97300000,97308000,DUMINGAG
90000000,97300000,97311000,KUMALARANG
90000000,97300000,97312000,LABANGAN
90000000,97300000,97313000,LAPUYAN
90000000,97300000,97315000,MAHAYAG
90000000,97300000,97317000,MARGOSATUBIG
90000000,97300000,97318000,MIDSALIP
90000000,97300000,97319000,MOLAVE
90000000,97300000,97322000,PAGADIAN CITY (Capital)
90000000,97300000,97323000,RAMON MAGSAYSAY (LIARGO)
90000000,97300000,97324000,SAN MIGUEL
90000000,97300000,97325000,SAN PABLO
90000000,97300000,97327000,TABINA
90000000,97300000,97328000,TAMBULIG
90000000,97300000,97330000,TUKURAN
90000000,97300000,97332000,ZAMBOANGA CITY
90000000,97300000,97333000,LAKEWOOD
90000000,97300000,97337000,JOSEFINA
90000000,97300000,97338000,PITOGO
90000000,97300000,97340000,SOMINOT (DON MARIANO MARCOS)
90000000,97300000,97341000,VINCENZO A. SAGUN
90000000,97300000,97343000,GUIPOS
90000000,97300000,97344000,TIGBAO
90000000,98300000,98301000,ALICIA
90000000,98300000,98302000,BUUG
90000000,98300000,98303000,DIPLAHAN
90000000,98300000,98304000,IMELDA
90000000,98300000,98305000,IPIL (Capital)
90000000,98300000,98306000,KABASALAN
90000000,98300000,98307000,MABUHAY
90000000,98300000,98308000,MALANGAS
90000000,98300000,98309000,NAGA
90000000,98300000,98310000,OLUTANGA
90000000,98300000,98311000,PAYAO
90000000,98300000,98312000,ROSELLER LIM
90000000,98300000,98313000,SIAY
90000000,98300000,98314000,TALUSAN
90000000,98300000,98315000,TITAY
90000000,98300000,98316000,TUNGAWAN
90000000,98300000,99701000,CITY OF ISABELA
100000000,101300000,101301000,BAUNGON
100000000,101300000,101302000,DAMULOG
100000000,101300000,101303000,DANGCAGAN
100000000,101300000,101304000,DON CARLOS
100000000,101300000,101305000,IMPASUG-ONG
100000000,101300000,101306000,KADINGILAN
100000000,101300000,101307000,KALILANGAN
100000000,101300000,101308000,KIBAWE
100000000,101300000,101309000,KITAOTAO
100000000,101300000,101310000,LANTAPAN
100000000,101300000,101311000,LIBONA
100000000,101300000,101312000,CITY OF MALAYBALAY (Capital)
100000000,101300000,101313000,MALITBOG
100000000,101300000,101314000,MANOLO FORTICH
100000000,101300000,101315000,MARAMAG
100000000,101300000,101316000,PANGANTUCAN
100000000,101300000,101317000,QUEZON
100000000,101300000,101318000,SAN FERNANDO
100000000,101300000,101319000,SUMILAO
100000000,101300000,101320000,TALAKAG
100000000,101300000,101321000,CITY OF VALENCIA
100000000,101300000,101322000,CABANGLASAN
100000000,101800000,101801000,CATARMAN
100000000,101800000,101802000,GUINSILIBAN
100000000,101800000,101803000,MAHINOG
100000000,101800000,101804000,MAMBAJAO (Capital)
100000000,101800000,101805000,SAGAY
100000000,103500000,103501000,BACOLOD
100000000,103500000,103502000,BALOI
100000000,103500000,103503000,BAROY
100000000,103500000,103504000,ILIGAN CITY
100000000,103500000,103505000,KAPATAGAN
100000000,103500000,103506000,SULTAN NAGA DIMAPORO (KAROMATAN)
100000000,103500000,103507000,KAUSWAGAN
100000000,103500000,103508000,KOLAMBUGAN
100000000,103500000,103509000,LALA
100000000,103500000,103510000,LINAMON
100000000,103500000,103511000,MAGSAYSAY
100000000,103500000,103512000,MAIGO
100000000,103500000,103513000,MATUNGAO
100000000,103500000,103514000,MUNAI
100000000,103500000,103515000,NUNUNGAN
100000000,103500000,103516000,PANTAO RAGAT
100000000,103500000,103517000,POONA PIAGAPO
100000000,103500000,103518000,SALVADOR
100000000,103500000,103519000,SAPAD
100000000,103500000,103520000,TAGOLOAN
100000000,103500000,103521000,TANGCAL
100000000,103500000,103522000,TUBOD (Capital)
100000000,103500000,103523000,PANTAR
100000000,104200000,104201000,ALORAN
100000000,104200000,104202000,BALIANGAO
100000000,104200000,104203000,BONIFACIO
100000000,104200000,104204000,CALAMBA
100000000,104200000,104205000,CLARIN
100000000,104200000,104206000,CONCEPCION
100000000,104200000,104207000,JIMENEZ
100000000,104200000,104208000,LOPEZ JAENA
100000000,104200000,104209000,OROQUIETA CITY (Capital)
100000000,104200000,104210000,OZAMIZ CITY
100000000,104200000,104211000,PANAON
100000000,104200000,104212000,PLARIDEL
100000000,104200000,104213000,SAPANG DALAGA
100000000,104200000,104214000,SINACABAN
100000000,104200000,104215000,TANGUB CITY
100000000,104200000,104216000,TUDELA
100000000,104200000,104217000,DON VICTORIANO CHIONGBIAN  (DON MARIANO MARCOS)
100000000,104300000,104301000,ALUBIJID
100000000,104300000,104302000,BALINGASAG
100000000,104300000,104303000,BALINGOAN
100000000,104300000,104304000,BINUANGAN
100000000,104300000,104305000,CAGAYAN DE ORO CITY (Capital)
100000000,104300000,104306000,CLAVERIA
100000000,104300000,104307000,CITY OF EL SALVADOR
100000000,104300000,104308000,GINGOOG CITY
100000000,104300000,104309000,GITAGUM
100000000,104300000,104310000,INITAO
100000000,104300000,104311000,JASAAN
100000000,104300000,104312000,KINOGUITAN
100000000,104300000,104313000,LAGONGLONG
100000000,104300000,104314000,LAGUINDINGAN
100000000,104300000,104315000,LIBERTAD
100000000,104300000,104316000,LUGAIT
100000000,104300000,104317000,MAGSAYSAY (LINUGOS)
100000000,104300000,104318000,MANTICAO
100000000,104300000,104319000,MEDINA
100000000,104300000,104320000,NAAWAN
100000000,104300000,104321000,OPOL
100000000,104300000,104322000,SALAY
100000000,104300000,104323000,SUGBONGCOGON
100000000,104300000,104324000,TAGOLOAN
100000000,104300000,104325000,TALISAYAN
100000000,104300000,104326000,VILLANUEVA
110000000,112300000,112301000,ASUNCION (SAUG)
110000000,112300000,112303000,CARMEN
110000000,112300000,112305000,KAPALONG
110000000,112300000,112314000,NEW CORELLA
110000000,112300000,112315000,CITY OF PANABO
110000000,112300000,112317000,ISLAND GARDEN CITY OF SAMAL
110000000,112300000,112318000,SANTO TOMAS
110000000,112300000,112319000,CITY OF TAGUM (Capital)
110000000,112300000,112322000,TALAINGOD
110000000,112300000,112323000,BRAULIO E. DUJALI
110000000,112300000,112324000,SAN ISIDRO
110000000,112400000,112401000,BANSALAN
110000000,112400000,112402000,DAVAO CITY
110000000,112400000,112403000,CITY OF DIGOS (Capital)
110000000,112400000,112404000,HAGONOY
110000000,112400000,112406000,KIBLAWAN
110000000,112400000,112407000,MAGSAYSAY
110000000,112400000,112408000,MALALAG
110000000,112400000,112410000,MATANAO
110000000,112400000,112411000,PADADA
110000000,112400000,112412000,SANTA CRUZ
110000000,112400000,112414000,SULOP
110000000,112500000,112501000,BAGANGA
110000000,112500000,112502000,BANAYBANAY
110000000,112500000,112503000,BOSTON
110000000,112500000,112504000,CARAGA
110000000,112500000,112505000,CATEEL
110000000,112500000,112506000,GOVERNOR GENEROSO
110000000,112500000,112507000,LUPON
110000000,112500000,112508000,MANAY
110000000,112500000,112509000,CITY OF MATI (Capital)
110000000,112500000,112510000,SAN ISIDRO
110000000,112500000,112511000,TARRAGONA
110000000,118200000,118201000,COMPOSTELA
110000000,118200000,118202000,LAAK (SAN VICENTE)
110000000,118200000,118203000,MABINI (DOÑA ALICIA)
110000000,118200000,118204000,MACO
110000000,118200000,118205000,MARAGUSAN (SAN MARIANO)
110000000,118200000,118206000,MAWAB
110000000,118200000,118207000,MONKAYO
110000000,118200000,118208000,MONTEVISTA
110000000,118200000,118209000,NABUNTURAN (Capital)
110000000,118200000,118210000,NEW BATAAN
110000000,118200000,118211000,PANTUKAN
110000000,118600000,118601000,DON MARCELINO
110000000,118600000,118602000,JOSE ABAD SANTOS (TRINIDAD)
110000000,118600000,118603000,MALITA
110000000,118600000,118604000,SANTA MARIA
110000000,118600000,118605000,SARANGANI
120000000,124700000,124701000,ALAMADA
120000000,124700000,124702000,CARMEN
120000000,124700000,124703000,KABACAN
120000000,124700000,124704000,CITY OF KIDAPAWAN (Capital)
120000000,124700000,124705000,LIBUNGAN
120000000,124700000,124706000,MAGPET
120000000,124700000,124707000,MAKILALA
120000000,124700000,124708000,MATALAM
120000000,124700000,124709000,MIDSAYAP
120000000,124700000,124710000,M'LANG
120000000,124700000,124711000,PIGKAWAYAN
120000000,124700000,124712000,PIKIT
120000000,124700000,124713000,PRESIDENT ROXAS
120000000,124700000,124714000,TULUNAN
120000000,124700000,124715000,ANTIPAS
120000000,124700000,124716000,BANISILAN
120000000,124700000,124717000,ALEOSAN
120000000,124700000,124718000,ARAKAN
120000000,126300000,126302000,BANGA
120000000,126300000,126303000,GENERAL SANTOS CITY (DADIANGAS)
120000000,126300000,126306000,CITY OF KORONADAL (Capital)
120000000,126300000,126311000,NORALA
120000000,126300000,126312000,POLOMOLOK
120000000,126300000,126313000,SURALLAH
120000000,126300000,126314000,TAMPAKAN
120000000,126300000,126315000,TANTANGAN
120000000,126300000,126316000,T'BOLI
120000000,126300000,126317000,TUPI
120000000,126300000,126318000,SANTO NIÑO
120000000,126300000,126319000,LAKE SEBU
120000000,126500000,126501000,BAGUMBAYAN
120000000,126500000,126502000,COLUMBIO
120000000,126500000,126503000,ESPERANZA
120000000,126500000,126504000,ISULAN (Capital)
120000000,126500000,126505000,KALAMANSIG
120000000,126500000,126506000,LEBAK
120000000,126500000,126507000,LUTAYAN
120000000,126500000,126508000,LAMBAYONG (MARIANO MARCOS)
120000000,126500000,126509000,PALIMBANG
120000000,126500000,126510000,PRESIDENT QUIRINO
120000000,126500000,126511000,CITY OF TACURONG
120000000,126500000,126512000,SEN. NINOY AQUINO
120000000,128000000,128001000,ALABEL (Capital)
120000000,128000000,128002000,GLAN
120000000,128000000,128003000,KIAMBA
120000000,128000000,128004000,MAASIM
120000000,128000000,128005000,MAITUM
120000000,128000000,128006000,MALAPATAN
120000000,128000000,128007000,MALUNGON
120000000,128000000,129804000,COTABATO CITY
130000000,133900000,133901000,TONDO I / II
130000000,133900000,133902000,BINONDO
130000000,133900000,133903000,QUIAPO
130000000,133900000,133904000,SAN NICOLAS
130000000,133900000,133905000,SANTA CRUZ
130000000,133900000,133906000,SAMPALOC
130000000,133900000,133907000,SAN MIGUEL
130000000,133900000,133908000,ERMITA
130000000,133900000,133909000,INTRAMUROS
130000000,133900000,133910000,MALATE
130000000,133900000,133911000,PACO
130000000,133900000,133912000,PANDACAN
130000000,133900000,133913000,PORT AREA
130000000,133900000,133914000,SANTA ANA
130000000,137400000,137401000,CITY OF MANDALUYONG
130000000,137400000,137402000,CITY OF MARIKINA
130000000,137400000,137403000,CITY OF PASIG
130000000,137400000,137404000,QUEZON CITY
130000000,137400000,137405000,CITY OF SAN JUAN
130000000,137500000,137501000,CALOOCAN CITY
130000000,137500000,137502000,CITY OF MALABON
130000000,137500000,137503000,CITY OF NAVOTAS
130000000,137500000,137504000,CITY OF VALENZUELA
130000000,137600000,137601000,CITY OF LAS PIÑAS
130000000,137600000,137602000,CITY OF MAKATI
130000000,137600000,137603000,CITY OF MUNTINLUPA
130000000,137600000,137604000,CITY OF PARAÑAQUE
130000000,137600000,137605000,PASAY CITY
130000000,137600000,137606000,PATEROS
130000000,137600000,137607000,TAGUIG CITY
140000000,140100000,140101000,BANGUED (Capital)
140000000,140100000,140102000,BOLINEY
140000000,140100000,140103000,BUCAY
140000000,140100000,140104000,BUCLOC
140000000,140100000,140105000,DAGUIOMAN
140000000,140100000,140106000,DANGLAS
140000000,140100000,140107000,DOLORES
140000000,140100000,140108000,LA PAZ
140000000,140100000,140109000,LACUB
140000000,140100000,140110000,LAGANGILANG
140000000,140100000,140111000,LAGAYAN
140000000,140100000,140112000,LANGIDEN
140000000,140100000,140113000,LICUAN-BAAY (LICUAN)
140000000,140100000,140114000,LUBA
140000000,140100000,140115000,MALIBCONG
140000000,140100000,140116000,MANABO
140000000,140100000,140117000,PEÑARRUBIA
140000000,140100000,140118000,PIDIGAN
140000000,140100000,140119000,PILAR
140000000,140100000,140120000,SALLAPADAN
140000000,140100000,140121000,SAN ISIDRO
140000000,140100000,140122000,SAN JUAN
140000000,140100000,140123000,SAN QUINTIN
140000000,140100000,140124000,TAYUM
140000000,140100000,140125000,TINEG
140000000,140100000,140126000,TUBO
140000000,140100000,140127000,VILLAVICIOSA
140000000,141100000,141101000,ATOK
140000000,141100000,141102000,BAGUIO CITY
140000000,141100000,141103000,BAKUN
140000000,141100000,141104000,BOKOD
140000000,141100000,141105000,BUGUIAS
140000000,141100000,141106000,ITOGON
140000000,141100000,141107000,KABAYAN
140000000,141100000,141108000,KAPANGAN
140000000,141100000,141109000,KIBUNGAN
140000000,141100000,141110000,LA TRINIDAD (Capital)
140000000,141100000,141111000,MANKAYAN
140000000,141100000,141112000,SABLAN
140000000,141100000,141113000,TUBA
140000000,141100000,141114000,TUBLAY
140000000,142700000,142701000,BANAUE
140000000,142700000,142702000,HUNGDUAN
140000000,142700000,142703000,KIANGAN
140000000,142700000,142704000,LAGAWE (Capital)
140000000,142700000,142705000,LAMUT
140000000,142700000,142706000,MAYOYAO
140000000,142700000,142707000,ALFONSO LISTA (POTIA)
140000000,142700000,142708000,AGUINALDO
140000000,142700000,142709000,HINGYON
140000000,142700000,142710000,TINOC
140000000,142700000,142711000,ASIPULO
140000000,143200000,143201000,BALBALAN
140000000,143200000,143206000,LUBUAGAN
140000000,143200000,143208000,PASIL
140000000,143200000,143209000,PINUKPUK
140000000,143200000,143211000,RIZAL (LIWAN)
140000000,143200000,143213000,CITY OF TABUK (Capital)
140000000,143200000,143214000,TANUDAN
140000000,143200000,143215000,TINGLAYAN
140000000,144400000,144401000,BARLIG
140000000,144400000,144402000,BAUKO
140000000,144400000,144403000,BESAO
140000000,144400000,144404000,BONTOC (Capital)
140000000,144400000,144405000,NATONIN
140000000,144400000,144406000,PARACELIS
140000000,144400000,144407000,SABANGAN
140000000,144400000,144408000,SADANGA
140000000,144400000,144409000,SAGADA
140000000,144400000,144410000,TADIAN
140000000,148100000,148101000,CALANASAN (BAYAG)
140000000,148100000,148102000,CONNER
140000000,148100000,148103000,FLORA
140000000,148100000,148104000,KABUGAO (Capital)
140000000,148100000,148105000,LUNA
140000000,148100000,148106000,PUDTOL
140000000,148100000,148107000,SANTA MARCELA
150000000,150700000,150702000,CITY OF LAMITAN
150000000,150700000,150703000,LANTAWAN
150000000,150700000,150704000,MALUSO
150000000,150700000,150705000,SUMISIP
150000000,150700000,150706000,TIPO-TIPO
150000000,150700000,150707000,TUBURAN
150000000,150700000,150708000,AKBAR
150000000,150700000,150709000,AL-BARKA
150000000,150700000,150710000,HADJI MOHAMMAD AJUL
150000000,150700000,150711000,UNGKAYA PUKAN
150000000,150700000,150712000,HADJI MUHTAMAD
150000000,150700000,150713000,TABUAN-LASA
150000000,153600000,153601000,BACOLOD-KALAWI (BACOLOD GRANDE)
150000000,153600000,153602000,BALABAGAN
150000000,153600000,153603000,BALINDONG (WATU)
150000000,153600000,153604000,BAYANG
150000000,153600000,153605000,BINIDAYAN
150000000,153600000,153606000,BUBONG
150000000,153600000,153607000,BUTIG
150000000,153600000,153609000,GANASSI
150000000,153600000,153610000,KAPAI
150000000,153600000,153611000,LUMBA-BAYABAO (MAGUING)
150000000,153600000,153612000,LUMBATAN
150000000,153600000,153613000,MADALUM
150000000,153600000,153614000,MADAMBA
150000000,153600000,153615000,MALABANG
150000000,153600000,153616000,MARANTAO
150000000,153600000,153617000,MARAWI CITY (Capital)
150000000,153600000,153618000,MASIU
150000000,153600000,153619000,MULONDO
150000000,153600000,153620000,PAGAYAWAN (TATARIKAN)
150000000,153600000,153621000,PIAGAPO
150000000,153600000,153622000,POONA BAYABAO (GATA)
150000000,153600000,153623000,PUALAS
150000000,153600000,153624000,DITSAAN-RAMAIN
150000000,153600000,153625000,SAGUIARAN
150000000,153600000,153626000,TAMPARAN
150000000,153600000,153627000,TARAKA
150000000,153600000,153628000,TUBARAN
150000000,153600000,153629000,TUGAYA
150000000,153600000,153630000,WAO
150000000,153600000,153631000,MAROGONG
150000000,153600000,153632000,CALANOGAS
150000000,153600000,153633000,BUADIPOSO-BUNTONG
150000000,153600000,153634000,MAGUING
150000000,153600000,153635000,PICONG (SULTAN GUMANDER)
150000000,153600000,153636000,LUMBAYANAGUE
150000000,153600000,153637000,BUMBARAN
150000000,153600000,153638000,TAGOLOAN II
150000000,153600000,153639000,KAPATAGAN
150000000,153600000,153640000,SULTAN DUMALONDONG
150000000,153600000,153641000,LUMBACA-UNAYAN
150000000,153800000,153801000,AMPATUAN
150000000,153800000,153802000,BULDON
150000000,153800000,153803000,BULUAN
150000000,153800000,153805000,DATU PAGLAS
150000000,153800000,153806000,DATU PIANG
150000000,153800000,153807000,DATU ODIN SINSUAT (DINAIG)
150000000,153800000,153808000,SHARIFF AGUAK (MAGANOY) (Capital)
150000000,153800000,153809000,MATANOG
150000000,153800000,153810000,PAGALUNGAN
150000000,153800000,153811000,PARANG
150000000,153800000,153812000,SULTAN KUDARAT (NULING)
150000000,153800000,153813000,SULTAN SA BARONGIS (LAMBAYONG)
150000000,153800000,153814000,KABUNTALAN (TUMBAO)
150000000,153800000,153815000,UPI
150000000,153800000,153816000,TALAYAN
150000000,153800000,153817000,SOUTH UPI
150000000,153800000,153818000,BARIRA
150000000,153800000,153819000,GEN. S.K. PENDATUN
150000000,153800000,153820000,MAMASAPANO
150000000,153800000,153821000,TALITAY
150000000,153800000,153822000,PAGAGAWAN
150000000,153800000,153823000,PAGLAT
150000000,153800000,153824000,SULTAN MASTURA
150000000,153800000,153825000,GUINDULUNGAN
150000000,153800000,153826000,DATU SAUDI-AMPATUAN
150000000,153800000,153827000,DATU UNSAY
150000000,153800000,153828000,DATU ABDULLAH SANGKI
150000000,153800000,153829000,RAJAH BUAYAN
150000000,153800000,153830000,DATU BLAH T. SINSUAT
150000000,153800000,153831000,DATU ANGGAL MIDTIMBANG
150000000,153800000,153832000,MANGUDADATU
150000000,153800000,153833000,PANDAG
150000000,153800000,153834000,NORTHERN KABUNTALAN
150000000,153800000,153835000,DATU HOFFER AMPATUAN
150000000,153800000,153836000,DATU SALIBO
150000000,153800000,153837000,SHARIFF SAYDONA MUSTAPHA
150000000,156600000,156601000,INDANAN
150000000,156600000,156602000,JOLO (Capital)
150000000,156600000,156603000,KALINGALAN CALUANG
150000000,156600000,156604000,LUUK
150000000,156600000,156605000,MAIMBUNG
150000000,156600000,156606000,HADJI PANGLIMA TAHIL (MARUNGGAS)
150000000,156600000,156607000,OLD PANAMAO
150000000,156600000,156608000,PANGUTARAN
150000000,156600000,156609000,PARANG
150000000,156600000,156610000,PATA
150000000,156600000,156611000,PATIKUL
150000000,156600000,156612000,SIASI
150000000,156600000,156613000,TALIPAO
150000000,156600000,156614000,TAPUL
150000000,156600000,156615000,TONGKIL
150000000,156600000,156616000,PANGLIMA ESTINO (NEW PANAMAO)
150000000,156600000,156617000,LUGUS
150000000,156600000,156618000,PANDAMI
150000000,156600000,156619000,OMAR
150000000,157000000,157001000,PANGLIMA SUGALA (BALIMBING)
150000000,157000000,157002000,BONGAO (Capital)
150000000,157000000,157003000,MAPUN (CAGAYAN DE TAWI-TAWI)
150000000,157000000,157004000,SIMUNUL
150000000,157000000,157005000,SITANGKAI
150000000,157000000,157006000,SOUTH UBIAN
150000000,157000000,157007000,TANDUBAS
150000000,157000000,157008000,TURTLE ISLANDS
150000000,157000000,157009000,LANGUYAN
150000000,157000000,157010000,SAPA-SAPA
150000000,157000000,157011000,SIBUTU
160000000,160200000,160201000,BUENAVISTA
160000000,160200000,160202000,BUTUAN CITY (Capital)
160000000,160200000,160203000,CITY OF CABADBARAN
160000000,160200000,160204000,CARMEN
160000000,160200000,160205000,JABONGA
160000000,160200000,160206000,KITCHARAO
160000000,160200000,160207000,LAS NIEVES
160000000,160200000,160208000,MAGALLANES
160000000,160200000,160209000,NASIPIT
160000000,160200000,160210000,SANTIAGO
160000000,160200000,160211000,TUBAY
160000000,160200000,160212000,REMEDIOS T. ROMUALDEZ
160000000,160300000,160301000,CITY OF BAYUGAN
160000000,160300000,160302000,BUNAWAN
160000000,160300000,160303000,ESPERANZA
160000000,160300000,160304000,LA PAZ
160000000,160300000,160305000,LORETO
160000000,160300000,160306000,PROSPERIDAD (Capital)
160000000,160300000,160307000,ROSARIO
160000000,160300000,160308000,SAN FRANCISCO
160000000,160300000,160309000,SAN LUIS
160000000,160300000,160310000,SANTA JOSEFA
160000000,160300000,160311000,TALACOGON
160000000,160300000,160312000,TRENTO
160000000,160300000,160313000,VERUELA
160000000,160300000,160314000,SIBAGAT
160000000,166700000,166701000,ALEGRIA
160000000,166700000,166702000,BACUAG
160000000,166700000,166704000,BURGOS
160000000,166700000,166706000,CLAVER
160000000,166700000,166707000,DAPA
160000000,166700000,166708000,DEL CARMEN
160000000,166700000,166710000,GENERAL LUNA
160000000,166700000,166711000,GIGAQUIT
160000000,166700000,166714000,MAINIT
160000000,166700000,166715000,MALIMONO
160000000,166700000,166716000,PILAR
160000000,166700000,166717000,PLACER
160000000,166700000,166718000,SAN BENITO
160000000,166700000,166719000,SAN FRANCISCO (ANAO-AON)
160000000,166700000,166720000,SAN ISIDRO
160000000,166700000,166721000,SANTA MONICA (SAPAO)
160000000,166700000,166722000,SISON
160000000,166700000,166723000,SOCORRO
160000000,166700000,166724000,SURIGAO CITY (Capital)
160000000,166700000,166725000,TAGANA-AN
160000000,166700000,166727000,TUBOD
160000000,166800000,166801000,BAROBO
160000000,166800000,166802000,BAYABAS
160000000,166800000,166803000,CITY OF BISLIG
160000000,166800000,166804000,CAGWAIT
160000000,166800000,166805000,CANTILAN
160000000,166800000,166806000,CARMEN
160000000,166800000,166807000,CARRASCAL
160000000,166800000,166808000,CORTES
160000000,166800000,166809000,HINATUAN
160000000,166800000,166810000,LANUZA
160000000,166800000,166811000,LIANGA
160000000,166800000,166812000,LINGIG
160000000,166800000,166813000,MADRID
160000000,166800000,166814000,MARIHATAG
160000000,166800000,166815000,SAN AGUSTIN
160000000,166800000,166816000,SAN MIGUEL
160000000,166800000,166817000,TAGBINA
160000000,166800000,166818000,TAGO
160000000,166800000,166819000,CITY OF TANDAG (Capital)
160000000,168500000,168501000,BASILISA (RIZAL)
160000000,168500000,168502000,CAGDIANAO
160000000,168500000,168503000,DINAGAT
160000000,168500000,168504000,LIBJO (ALBOR)
160000000,168500000,168505000,LORETO
160000000,168500000,168506000,SAN JOSE (Capital)
160000000,168500000,168507000,TUBAJON
180000000,184500000,184501000,BACOLOD CITY (Capital)
180000000,184500000,184502000,BAGO CITY
180000000,184500000,184503000,BINALBAGAN
180000000,184500000,184504000,CADIZ CITY
180000000,184500000,184505000,CALATRAVA
180000000,184500000,184506000,CANDONI
180000000,184500000,184507000,CAUAYAN
180000000,184500000,184508000,ENRIQUE B. MAGALONA (SARAVIA)
180000000,184500000,184509000,CITY OF ESCALANTE
180000000,184500000,184510000,CITY OF HIMAMAYLAN
180000000,184500000,184511000,HINIGARAN
180000000,184500000,184512000,HINOBA-AN (ASIA)
180000000,184500000,184513000,ILOG
180000000,184500000,184514000,ISABELA
180000000,184500000,184515000,CITY OF KABANKALAN
180000000,184500000,184516000,LA CARLOTA CITY
180000000,184500000,184517000,LA CASTELLANA
180000000,184500000,184518000,MANAPLA
180000000,184500000,184519000,MOISES PADILLA (MAGALLON)
180000000,184500000,184520000,MURCIA
180000000,184500000,184521000,PONTEVEDRA
180000000,184500000,184522000,PULUPANDAN
180000000,184500000,184523000,SAGAY CITY
180000000,184500000,184524000,SAN CARLOS CITY
180000000,184500000,184525000,SAN ENRIQUE
180000000,184500000,184526000,SILAY CITY
180000000,184500000,184527000,CITY OF SIPALAY
180000000,184500000,184528000,CITY OF TALISAY
180000000,184500000,184529000,TOBOSO
180000000,184500000,184530000,VALLADOLID
180000000,184500000,184531000,CITY OF VICTORIAS
180000000,184500000,184532000,SALVADOR BENEDICTO
180000000,184600000,184601000,AMLAN (AYUQUITAN)
180000000,184600000,184602000,AYUNGON
180000000,184600000,184603000,BACONG
180000000,184600000,184604000,BAIS CITY
180000000,184600000,184605000,BASAY
180000000,184600000,184606000,CITY OF BAYAWAN (TULONG)
180000000,184600000,184607000,BINDOY (PAYABON)
180000000,184600000,184608000,CANLAON CITY
180000000,184600000,184609000,DAUIN
180000000,184600000,184610000,DUMAGUETE CITY (Capital)
180000000,184600000,184611000,CITY OF GUIHULNGAN
180000000,184600000,184612000,JIMALALUD
180000000,184600000,184613000,LA LIBERTAD
180000000,184600000,184614000,MABINAY
180000000,184600000,184615000,MANJUYOD
180000000,184600000,184616000,PAMPLONA
180000000,184600000,184617000,SAN JOSE
180000000,184600000,184618000,SANTA CATALINA
180000000,184600000,184619000,SIATON
180000000,184600000,184620000,SIBULAN
180000000,184600000,184621000,CITY OF TANJAY
180000000,184600000,184622000,TAYASAN
180000000,184600000,184623000,VALENCIA (LUZURRIAGA)
180000000,184600000,184624000,VALLEHERMOSO
180000000,184600000,184625000,ZAMBOANGUITA